{
    "geometries": [{
        "type": "Geometry",
        "materials": [{
            "mapDiffuseWrap": ["RepeatWrapping","RepeatWrapping"],
            "opacity": 1,
            "DbgName": "Mat",
            "depthWrite": true,
            "mapDiffuseRepeat": [1,1],
            "colorAmbient": [0.8,0.8,0.8],
            "colorSpecular": [0.01,0.01,0.01],
            "specularCoef": 50,
            "mapDiffuse": "material12.jpg",
            "shading": "phong",
            "depthTest": true,
            "colorDiffuse": [0.8,0.8,0.8],
            "DbgIndex": 0,
            "blending": "NormalBlending",
            "wireframe": false,
            "visible": true,
            "transparent": false,
            "colorEmissive": [0,0,0],
            "mapDiffuseAnisotropy": 1,
            "DbgColor": 15658734
        }],
        "uuid": "A18332CF-B5DE-32BD-BBCE-E7FD1E132508",
        "data": {
            "normals": [0.904508,0.301492,0.301492,-0.904508,0.301492,0.301492,-0.577349,0.577349,0.577349,0.904508,-0.301492,0.301492,-0.904508,-0.301492,0.301492,0.577349,-0.577349,0.577349,-0.577349,-0.577349,0.577349,0.904508,-0.301492,-0.301492,-0.904508,-0.301492,-0.301492,0.577349,-0.577349,-0.577349,-0.577349,-0.577349,-0.577349,-0.577319,-0.577349,0.577349,-0.577349,-0.577319,-0.577349,0.577349,0.577349,-0.577349,-0.577349,0.577349,-0.577349,0.904508,0.301492,-0.301492,-0.904508,0.301492,-0.301492,0.577349,0.577349,0.577349],
            "animations": [],
            "metadata": {
                "morphTargets": 0,
                "normals": 18,
                "bones": 0,
                "version": 3,
                "uvs": 1,
                "faces": 76,
                "materials": 1,
                "generator": "io_three",
                "vertices": 40
            },
            "name": "object_1_2Geometry",
            "morphTargets": [],
            "skinIndices": [],
            "faces": [42,21,1,0,0,0,1,2,0,1,2,42,22,2,1,0,3,4,1,3,4,1,42,23,3,2,0,5,6,4,5,6,4,42,24,4,3,0,7,8,6,3,4,6,42,25,5,4,0,9,10,8,7,8,4,42,26,6,5,0,11,12,10,9,10,8,42,27,7,6,0,13,14,12,5,6,10,42,28,8,7,0,15,16,14,3,4,6,42,29,9,8,0,17,18,16,5,6,4,42,39,19,18,0,19,20,21,5,11,12,42,31,11,10,0,22,23,24,13,14,2,42,32,12,11,0,25,26,23,15,16,14,42,33,13,12,0,27,28,26,0,1,16,42,34,14,13,0,29,30,28,17,2,1,42,35,15,14,0,31,32,30,13,14,2,42,36,16,15,0,33,34,32,15,16,14,42,37,17,16,0,35,36,34,13,14,16,42,38,18,17,0,37,21,36,9,12,14,42,29,30,10,0,38,39,24,5,17,2,42,39,20,0,0,19,40,41,5,17,2,42,19,0,1,0,20,41,42,11,2,1,42,2,17,18,0,43,36,21,4,14,12,42,3,16,17,0,44,34,36,6,16,14,42,16,3,4,0,34,44,45,16,6,4,42,5,14,15,0,46,30,32,8,2,14,42,6,13,14,0,47,28,30,10,1,2,42,7,12,13,0,48,26,28,6,16,1,42,8,11,12,0,49,23,26,4,14,16,42,9,10,11,0,50,24,23,6,2,14,42,28,31,30,0,51,22,39,3,13,17,42,31,28,27,0,22,51,52,13,3,5,42,26,33,32,0,53,27,25,9,0,15,42,25,34,33,0,54,29,27,7,17,0,42,24,35,34,0,55,31,29,3,13,17,42,35,24,23,0,31,55,56,13,3,5,42,36,23,22,0,33,56,57,15,5,3,42,37,22,21,0,35,57,58,13,3,0,42,20,39,38,0,40,19,37,17,5,9,42,20,21,0,0,59,0,2,17,0,2,42,21,22,1,0,0,3,1,0,3,1,42,22,23,2,0,3,5,4,3,5,4,42,23,24,3,0,5,7,6,5,3,6,42,24,25,4,0,7,9,8,3,7,4,42,25,26,5,0,9,11,10,7,9,8,42,26,27,6,0,11,13,12,9,5,10,42,27,28,7,0,13,15,14,5,3,6,42,28,29,8,0,15,17,16,3,5,4,42,38,39,18,0,37,19,21,9,5,12,42,30,31,10,0,39,22,24,17,13,2,42,31,32,11,0,22,25,23,13,15,14,42,32,33,12,0,25,27,26,15,0,16,42,33,34,13,0,27,29,28,0,17,1,42,34,35,14,0,29,31,30,17,13,2,42,35,36,15,0,31,33,32,13,15,14,42,36,37,16,0,33,35,34,15,13,16,42,37,38,17,0,35,37,36,13,9,14,42,9,29,10,0,50,38,24,6,5,2,42,19,39,0,0,20,19,41,11,5,2,42,18,19,1,0,21,20,42,12,11,1,42,1,2,18,0,42,43,21,1,4,12,42,2,3,17,0,43,44,36,4,6,14,42,15,16,4,0,32,34,45,14,16,4,42,4,5,15,0,45,46,32,4,8,14,42,5,6,14,0,46,47,30,8,10,2,42,6,7,13,0,47,48,28,10,6,1,42,7,8,12,0,48,49,26,6,4,16,42,8,9,11,0,49,50,23,4,6,14,42,29,28,30,0,38,51,39,5,3,17,42,32,31,27,0,25,22,52,15,13,5,42,27,26,32,0,52,53,25,5,9,15,42,26,25,33,0,53,54,27,9,7,0,42,25,24,34,0,54,55,29,7,3,17,42,36,35,23,0,33,31,56,15,13,5,42,37,36,22,0,35,33,57,13,15,3,42,38,37,21,0,37,35,58,9,13,0,42,21,20,38,0,58,40,37,0,17,9],
            "bones": [],
            "influencesPerVertex": 2,
            "skinWeights": [],
            "uvs": [[0.383541,0.444204,0.209047,0.44247,0.210108,0.022618,0.383442,0.483566,0.208948,0.481832,0.383418,0.493142,0.208924,0.491408,0.383342,0.522982,0.208848,0.521248,0.382661,0.792791,0.208167,0.791057,0.382586,0.822631,0.208091,0.820898,0.382503,0.855432,0.208008,0.853698,0.382428,0.885272,0.207933,0.883538,0.382156,0.992939,0.207662,0.991206,0.011991,0.013034,0.187036,0.011436,0.187609,0.434722,0.013445,0.882044,0.188122,0.880308,0.188397,0.990062,0.013224,0.852218,0.188225,0.850546,0.013115,0.823409,0.188226,0.821795,0.013123,0.79355,0.188137,0.791985,0.012673,0.518702,0.187813,0.517163,0.012451,0.488817,0.187967,0.487275,0.012864,0.479651,0.187541,0.478113,0.012685,0.43627,0.012752,0.992939,0.013742,0.991874,0.011017,0.012026,0.188014,0.010369,0.1896,0.434754,0.189288,0.478435,0.190232,0.487219,0.189693,0.516985,0.190027,0.792154,0.190165,0.82204,0.190158,0.850408,0.190018,0.880153,0.189384,0.991064,0.011542,0.881927,0.01128,0.851981,0.011176,0.823555,0.011236,0.793742,0.010794,0.518542,0.010186,0.488798,0.011116,0.480001,0.010694,0.436336,0.384602,0.024351]],
            "vertices": [-46.8538,-17.9432,105.185,-46.8538,-17.9432,-103.226,-46.8538,1.59564,-103.226,-46.8538,1.59564,-98.4727,-46.8538,16.4082,-98.4727,-46.8538,16.4082,35.4581,-46.8538,1.59564,35.4581,-46.8538,1.59564,51.7398,-46.8538,16.4082,51.7398,-46.8538,16.4082,105.185,-46.8538,17.4082,105.185,-46.8538,17.4082,50.7398,-46.8538,2.59564,50.7398,-46.8538,2.59564,36.4581,-46.8538,17.4082,36.4581,-46.8538,17.4082,-99.4727,-46.8538,2.59564,-99.4727,-46.8538,2.59564,-104.226,-46.8538,-18.9432,-104.226,-46.8538,-18.9432,105.185,43.1462,-17.9432,105.185,43.1462,-17.9432,-103.226,43.1462,1.59564,-103.226,43.1462,1.59564,-98.4727,43.1462,16.4082,-98.4727,43.1462,16.4082,35.4581,43.1462,1.59564,35.4581,43.1462,1.59564,51.7398,43.1462,16.4082,51.7398,43.1462,16.4082,105.185,43.1462,17.4082,105.185,43.1462,17.4082,50.7398,43.1462,2.59564,50.7398,43.1462,2.59564,36.4581,43.1462,17.4082,36.4581,43.1462,17.4082,-99.4727,43.1462,2.59564,-99.4727,43.1462,2.59564,-104.226,43.1462,-18.9432,-104.226,43.1462,-18.9432,105.185]
        }
    }],
    "object": {
        "type": "Scene",
        "children": [{
            "name": "object4_3_2",
            "uuid": "7AC09C6E-56F0-3A4E-BE69-84BF614ABFF7",
            "matrix": [-1,0,0,0,0,0,1,0,0,1,0,0,0,0,0,1],
            "visible": true,
            "type": "Object",
            "children": [{
                "name": "object_1_2",
                "uuid": "6A1BD22C-7216-3937-BF45-D8B550FA3BBF",
                "matrix": [-0.01,-0,-0,0,0,-0.01,0,0,-0,0,0.01,0,0,0,0,1],
                "visible": true,
                "type": "Mesh",
                "material": "55F12250-47E1-37B9-A14C-FC3E0E9635A0",
                "castShadow": true,
                "receiveShadow": true,
                "geometry": "A18332CF-B5DE-32BD-BBCE-E7FD1E132508"
            }]
        }],
        "uuid": "93539A5B-27AB-431B-9339-DB994A01CD90",
        "matrix": [1,0,0,0,0,1,0,0,0,0,1,0,0,0,0,1]
    },
    "animations": [{
        "tracks": [],
        "fps": 29,
        "name": "default"
    }],
    "metadata": {
        "version": 4.4,
        "type": "Object",
        "generator": "io_three"
    },
    "materials": [{
        "ambient": 13421772,
        "depthWrite": true,
        "name": "Mat",
        "type": "MeshPhongMaterial",
        "map": "AE937A95-80DC-3A28-ADEE-7F517AA8B792",
        "vertexColors": false,
        "specular": 131586,
        "uuid": "55F12250-47E1-37B9-A14C-FC3E0E9635A0",
        "depthTest": true,
        "color": 13421772,
        "blending": "NormalBlending",
        "emissive": 0,
        "shininess": 50
    }],
    "textures": [{
        "mapping": 300,